DATE,CBETHUSD
2016-06-30,12.49
2016-07-01,12.34
2016-07-02,12.09
2016-07-03,12.02
2016-07-04,11.48
2016-07-05,10.6
2016-07-06,10.61
2016-07-07,10.08
2016-07-08,11.43
2016-07-09,11.01
2016-07-10,11.02
2016-07-11,10.72
2016-07-12,10.57
2016-07-13,10.49
2016-07-14,11.62
2016-07-15,11.99
2016-07-16,11.8
2016-07-17,11.33
2016-07-18,11.05
2016-07-19,11.75
2016-07-20,12.5
2016-07-21,12.76
2016-07-22,14.83
2016-07-23,14.52
2016-07-24,12.78
2016-07-25,13.91
2016-07-26,12
2016-07-27,13.1
2016-07-28,12.93
2016-07-29,12.84
2016-07-30,12.49
2016-07-31,11.99
2016-08-01,10.95
2016-08-02,8.78
2016-08-03,10.68
2016-08-04,11.32
2016-08-05,11.18
2016-08-06,11.01
2016-08-07,10.99
2016-08-08,11.34
2016-08-09,12.28
2016-08-10,12.21
2016-08-11,11.73
2016-08-12,11.81
2016-08-13,11.61
2016-08-14,11.28
2016-08-15,11.3
2016-08-16,11.18
2016-08-17,10.82
2016-08-18,10.77
2016-08-19,10.77
2016-08-20,11.3
2016-08-21,11.21
2016-08-22,11.1
2016-08-23,11
2016-08-24,11.01
2016-08-25,11.34
2016-08-26,11.28
2016-08-27,11.18
2016-08-28,11.01
2016-08-29,10.95
2016-08-30,11.21
2016-08-31,11.7
2016-09-01,12.05
2016-09-02,12.15
2016-09-03,11.88
2016-09-04,11.77
2016-09-05,11.76
2016-09-06,11.71
2016-09-07,11.58
2016-09-08,11.39
2016-09-09,11.64
2016-09-10,12.21
2016-09-11,11.65
2016-09-12,11.86
2016-09-13,11.92
2016-09-14,11.91
2016-09-15,11.96
2016-09-16,12.58
2016-09-17,12.79
2016-09-18,12.64
2016-09-19,13.17
2016-09-20,14.56
2016-09-21,13.76
2016-09-22,13.2
2016-09-23,13.37
2016-09-24,12.97
2016-09-25,13.12
2016-09-26,12.84
2016-09-27,13.09
2016-09-28,13.32
2016-09-29,13.11
2016-09-30,13.23
2016-10-01,13.22
2016-10-02,13.28
2016-10-03,13.51
2016-10-04,13.32
2016-10-05,13.09
2016-10-06,12.86
2016-10-07,12.7
2016-10-08,12.26
2016-10-09,12.1
2016-10-10,11.78
2016-10-11,11.77
2016-10-12,11.92
2016-10-13,11.87
2016-10-14,11.92
2016-10-15,11.95
2016-10-16,11.95
2016-10-17,11.96
2016-10-18,12.54
2016-10-19,12.01
2016-10-20,12.06
2016-10-21,12.05
2016-10-22,12.03
2016-10-23,11.94
2016-10-24,11.92
2016-10-25,11.33
2016-10-26,11.49
2016-10-27,11.48
2016-10-28,11.13
2016-10-29,10.47
2016-10-30,11.19
2016-10-31,10.97
2016-11-01,10.84
2016-11-02,10.83
2016-11-03,10.87
2016-11-04,11.15
2016-11-05,11.16
2016-11-06,11.01
2016-11-07,10.93
2016-11-08,10.84
2016-11-09,10.62
2016-11-10,10.51
2016-11-11,10.29
2016-11-12,9.95
2016-11-13,10.14
2016-11-14,10.02
2016-11-15,10.27
2016-11-16,10
2016-11-17,9.91
2016-11-18,9.51
2016-11-19,9.68
2016-11-20,9.6
2016-11-21,9.54
2016-11-22,9.87
2016-11-23,9.8
2016-11-24,9.18
2016-11-25,9.4
2016-11-26,9.33
2016-11-27,8.98
2016-11-28,8.67
2016-11-29,8.14
2016-11-30,8.61
2016-12-01,8.45
2016-12-02,7.73
2016-12-03,7.86
2016-12-04,7.37
2016-12-05,6.75
2016-12-06,7.83
2016-12-07,8.35
2016-12-08,8.2
2016-12-09,8.47
2016-12-10,8.14
2016-12-11,8.23
2016-12-12,8.5
2016-12-13,8.41
2016-12-14,8.24
2016-12-15,7.83
2016-12-16,7.84
2016-12-17,7.85
2016-12-18,7.92
2016-12-19,7.64
2016-12-20,7.64
2016-12-21,7.91
2016-12-22,7.55
2016-12-23,7.13
2016-12-24,7.22
2016-12-25,7.19
2016-12-26,7.26
2016-12-27,7.16
2016-12-28,7.62
2016-12-29,8.29
2016-12-30,8.21
2016-12-31,8.16
2017-01-01,8.18
2017-01-02,8.38
2017-01-03,9.59
2017-01-04,11.17
2017-01-05,10.23
2017-01-06,10.14
2017-01-07,9.92
2017-01-08,10.5
2017-01-09,10.39
2017-01-10,10.63
2017-01-11,9.95
2017-01-12,9.8
2017-01-13,9.84
2017-01-14,9.86
2017-01-15,9.9
2017-01-16,9.66
2017-01-17,10.34
2017-01-18,10.23
2017-01-19,10.42
2017-01-20,10.62
2017-01-21,10.93
2017-01-22,10.77
2017-01-23,10.8
2017-01-24,10.57
2017-01-25,10.55
2017-01-26,10.6
2017-01-27,10.55
2017-01-28,10.58
2017-01-29,10.49
2017-01-30,10.6
2017-01-31,10.7
2017-02-01,10.72
2017-02-02,10.82
2017-02-03,10.99
2017-02-04,11.41
2017-02-05,11.26
2017-02-06,11.34
2017-02-07,11.51
2017-02-08,11.41
2017-02-09,11.02
2017-02-10,11.43
2017-02-11,11.52
2017-02-12,11.5
2017-02-13,11.43
2017-02-14,13.14
2017-02-15,12.98
2017-02-16,12.89
2017-02-17,12.75
2017-02-18,12.89
2017-02-19,12.9
2017-02-20,12.61
2017-02-21,12.83
2017-02-22,12.75
2017-02-23,13.21
2017-02-24,13.2
2017-02-25,13.65
2017-02-26,14.74
2017-02-27,15.66
2017-02-28,16.4
2017-03-01,17.37
2017-03-02,19.27
2017-03-03,19.68
2017-03-04,18.65
2017-03-05,19.4
2017-03-06,19.68
2017-03-07,18.96
2017-03-08,16.68
2017-03-09,17.82
2017-03-10,19.2
2017-03-11,21.64
2017-03-12,23.39
2017-03-13,28.64
2017-03-14,28.69
2017-03-15,35.65
2017-03-16,45.96
2017-03-17,44.62
2017-03-18,33.64
2017-03-19,43.21
2017-03-20,42.31
2017-03-21,42.36
2017-03-22,41.37
2017-03-23,42.99
2017-03-24,52.93
2017-03-25,50.5
2017-03-26,50.73
2017-03-27,48.97
2017-03-28,50.3
2017-03-29,53.1
2017-03-30,51.88
2017-03-31,50.18
2017-04-01,50.71
2017-04-02,48.74
2017-04-03,44.25
2017-04-04,44.47
2017-04-05,44.78
2017-04-06,43.3
2017-04-07,42.32
2017-04-08,44.45
2017-04-09,43.92
2017-04-10,43.92
2017-04-11,43.83
2017-04-12,46.48
2017-04-13,49.77
2017-04-14,47.2
2017-04-15,48.94
2017-04-16,48.13
2017-04-17,47.94
2017-04-18,49.79
2017-04-19,47.78
2017-04-20,49.38
2017-04-21,48.37
2017-04-22,48.61
2017-04-23,48.96
2017-04-24,50.12
2017-04-25,50.31
2017-04-26,53.42
2017-04-27,63.67
2017-04-28,73.14
2017-04-29,70.4
2017-04-30,80.87
2017-05-01,79.35
2017-05-02,77.55
2017-05-03,81.29
2017-05-04,95.97
2017-05-05,91.93
2017-05-06,95.84
2017-05-07,93.82
2017-05-08,89.25
2017-05-09,86.58
2017-05-10,88.36
2017-05-11,88.3
2017-05-12,85.17
2017-05-13,88.42
2017-05-14,89.39
2017-05-15,91
2017-05-16,87.98
2017-05-17,86.88
2017-05-18,96.2
2017-05-19,125.14
2017-05-20,123.63
2017-05-21,148.78
2017-05-22,160.1
2017-05-23,169.95
2017-05-24,196.06
2017-05-25,181.51
2017-05-26,163.8
2017-05-27,159.91
2017-05-28,175.48
2017-05-29,194.82
2017-05-30,228.69
2017-05-31,229.14
2017-06-01,221.91
2017-06-02,222.04
2017-06-03,224.95
2017-06-04,245.5
2017-06-05,248
2017-06-06,264.22
2017-06-07,255.68
2017-06-08,258.64
2017-06-09,279.38
2017-06-10,340.2
2017-06-11,343.01
2017-06-12,397.37
2017-06-13,388
2017-06-14,341.7
2017-06-15,343.71
2017-06-16,354.26
2017-06-17,368.98
2017-06-18,351.85
2017-06-19,358.71
2017-06-20,350.94
2017-06-21,325.41
2017-06-22,320.02
2017-06-23,326.99
2017-06-24,304.5
2017-06-25,278.49
2017-06-26,252.99
2017-06-27,287.23
2017-06-28,315.32
2017-06-29,292.95
2017-06-30,280.04
2017-07-01,263.12
2017-07-02,285
2017-07-03,276.37
2017-07-04,269.2
2017-07-05,266.27
2017-07-06,266.01
2017-07-07,241.28
2017-07-08,246.64
2017-07-09,238.81
2017-07-10,202.86
2017-07-11,190.57
2017-07-12,224.04
2017-07-13,205
2017-07-14,197.23
2017-07-15,167.72
2017-07-16,155.68
2017-07-17,190.87
2017-07-18,227.01
2017-07-19,194.74
2017-07-20,226.06
2017-07-21,216.6
2017-07-22,230.69
2017-07-23,228.31
2017-07-24,225.96
2017-07-25,203.78
2017-07-26,203.23
2017-07-27,202.94
2017-07-28,190.72
2017-07-29,205.9
2017-07-30,196.95
2017-07-31,200.82
2017-08-01,225.73
2017-08-02,217.92
2017-08-03,224
2017-08-04,220.72
2017-08-05,251.85
2017-08-06,263.96
2017-08-07,269.9
2017-08-08,295.95
2017-08-09,295.26
2017-08-10,300.51
2017-08-11,309.65
2017-08-12,308.35
2017-08-13,296.66
2017-08-14,299.16
2017-08-15,286.71
2017-08-16,300.45
2017-08-17,300.67
2017-08-18,292.87
2017-08-19,293.58
2017-08-20,297.79
2017-08-21,322
2017-08-22,314.19
2017-08-23,317.5
2017-08-24,324.56
2017-08-25,330.14
2017-08-26,332.99
2017-08-27,348.2
2017-08-28,347.54
2017-08-29,372.48
2017-08-30,384.1
2017-08-31,389.2
2017-09-01,392.87
2017-09-02,354.87
2017-09-03,353.06
2017-09-04,316.86
2017-09-05,320.08
2017-09-06,339.38
2017-09-07,335.56
2017-09-08,307.96
2017-09-09,304.99
2017-09-10,300.33
2017-09-11,298.47
2017-09-12,294.5
2017-09-13,275.71
2017-09-14,223.85
2017-09-15,260.88
2017-09-16,255.84
2017-09-17,259.66
2017-09-18,298
2017-09-19,282.8
2017-09-20,283.55
2017-09-21,258.11
2017-09-22,263.88
2017-09-23,286.03
2017-09-24,283.21
2017-09-25,294.41
2017-09-26,288.77
2017-09-27,309.85
2017-09-28,302.33
2017-09-29,291.88
2017-09-30,301.57
2017-10-01,303.25
2017-10-02,296.72
2017-10-03,292.36
2017-10-04,292
2017-10-05,294.89
2017-10-06,307.73
2017-10-07,311.12
2017-10-08,309.2
2017-10-09,297
2017-10-10,297.99
2017-10-11,302
2017-10-12,302.12
2017-10-13,335.89
2017-10-14,338.37
2017-10-15,336.89
2017-10-16,334.36
2017-10-17,316.37
2017-10-18,313.59
2017-10-19,308.02
2017-10-20,303.15
2017-10-21,300
2017-10-22,295.14
2017-10-23,285.83
2017-10-24,296.99
2017-10-25,296.76
2017-10-26,295.98
2017-10-27,297.59
2017-10-28,295.11
2017-10-29,303.38
2017-10-30,306.87
2017-10-31,303.51
2017-11-01,290.82
2017-11-02,285.4
2017-11-03,306
2017-11-04,301.66
2017-11-05,296.57
2017-11-06,297.32
2017-11-07,292.42
2017-11-08,307.91
2017-11-09,320.72
2017-11-10,298.04
2017-11-11,315.69
2017-11-12,307.1
2017-11-13,315.56
2017-11-14,335.04
2017-11-15,331.81
2017-11-16,330.21
2017-11-17,332.31
2017-11-18,346.6
2017-11-19,354.59
2017-11-20,368.24
2017-11-21,361.51
2017-11-22,381.73
2017-11-23,406.61
2017-11-24,470.98
2017-11-25,466.77
2017-11-26,473.99
2017-11-27,477.53
2017-11-28,468.52
2017-11-29,434.01
2017-11-30,434
2017-12-01,463.82
2017-12-02,460.34
2017-12-03,465
2017-12-04,468.22
2017-12-05,457.3
2017-12-06,432.49
2017-12-07,433.28
2017-12-08,463.45
2017-12-09,485.04
2017-12-10,447.51
2017-12-11,518
2017-12-12,686.82
2017-12-13,711.94
2017-12-14,705.01
2017-12-15,693.5
2017-12-16,703.59
2017-12-17,732.18
2017-12-18,785.65
2017-12-19,826.65
2017-12-20,802.86
2017-12-21,796.98
2017-12-22,682.11
2017-12-23,732.8
2017-12-24,697.04
2017-12-25,740.5
2017-12-26,755.07
2017-12-27,739.99
2017-12-28,719.5
2017-12-29,748.89
2017-12-30,710.58
2017-12-31,741.27
2018-01-01,759.03
2018-01-02,865
2018-01-03,938.31
2018-01-04,949
2018-01-05,969.27
2018-01-06,1006.68
2018-01-07,1118.3
2018-01-08,1137.01
2018-01-09,1290.01
2018-01-10,1246.94
2018-01-11,1137.01
2018-01-12,1260
2018-01-13,1386.02
2018-01-14,1365.46
2018-01-15,1278.63
2018-01-16,1080
2018-01-17,1028.06
2018-01-18,1025.78
2018-01-19,1037.45
2018-01-20,1150.02
2018-01-21,1047.13
2018-01-22,999.68
2018-01-23,984.03
2018-01-24,1056.99
2018-01-25,1040
2018-01-26,1045.57
2018-01-27,1100
2018-01-28,1215.01
2018-01-29,1162.27
2018-01-30,1054.39
2018-01-31,1105.01
2018-02-01,1017.48
2018-02-02,911.99
2018-02-03,969.4
2018-02-04,826
2018-02-05,693.54
2018-02-06,783.83
2018-02-07,750.04
2018-02-08,812
2018-02-09,875.99
2018-02-10,849.47
2018-02-11,811.35
2018-02-12,864.4
2018-02-13,840.49
2018-02-14,920.26
2018-02-15,929.3
2018-02-16,936.02
2018-02-17,974.99
2018-02-18,912.41
2018-02-19,939.01
2018-02-20,884.76
2018-02-21,840.34
2018-02-22,806
2018-02-23,854.01
2018-02-24,833.2
2018-02-25,841.96
2018-02-26,867.09
2018-02-27,871.07
2018-02-28,849.99
2018-03-01,868.74
2018-03-02,854.31
2018-03-03,854.34
2018-03-04,861.74
2018-03-05,848.83
2018-03-06,815.43
2018-03-07,751.38
2018-03-08,698.83
2018-03-09,728.82
2018-03-10,683.6
2018-03-11,719.8
2018-03-12,696.51
2018-03-13,690.39
2018-03-14,614.62
2018-03-15,610.99
2018-03-16,600.77
2018-03-17,549.79
2018-03-18,538
2018-03-19,555.55
2018-03-20,558
2018-03-21,559.98
2018-03-22,539.89
2018-03-23,543.04
2018-03-24,519.57
2018-03-25,522.55
2018-03-26,486.75
2018-03-27,449
2018-03-28,445.47
2018-03-29,383.29
2018-03-30,394.46
2018-03-31,394.54
2018-04-01,378.18
2018-04-02,384
2018-04-03,416.38
2018-04-04,378.43
2018-04-05,381.26
2018-04-06,370.32
2018-04-07,384.61
2018-04-08,399.9
2018-04-09,398.8
2018-04-10,415.45
2018-04-11,430.81
2018-04-12,493.41
2018-04-13,495.22
2018-04-14,502.4
2018-04-15,533.74
2018-04-16,511.28
2018-04-17,502.42
2018-04-18,525.89
2018-04-19,567.29
2018-04-20,617.17
2018-04-21,605.16
2018-04-22,620.07
2018-04-23,642.85
2018-04-24,703.38
2018-04-25,617.49
2018-04-26,661
2018-04-27,642.77
2018-04-28,682
2018-04-29,687.51
2018-04-30,669.81
2018-05-01,670.75
2018-05-02,685.02
2018-05-03,775.51
2018-05-04,783.01
2018-05-05,812
2018-05-06,784.33
2018-05-07,752.43
2018-05-08,746.99
2018-05-09,750
2018-05-10,723.51
2018-05-11,678.05
2018-05-12,684.66
2018-05-13,729.29
2018-05-14,726.9
2018-05-15,706.08
2018-05-16,707.45
2018-05-17,668.56
2018-05-18,694.5
2018-05-19,695.96
2018-05-20,714
2018-05-21,696.77
2018-05-22,640.5
2018-05-23,577.2
2018-05-24,602.64
2018-05-25,584.02
2018-05-26,584.99
2018-05-27,570.75
2018-05-28,511.33
2018-05-29,566.66
2018-05-30,557.22
2018-05-31,577.1
2018-06-01,578.89
2018-06-02,590.46
2018-06-03,618.63
2018-06-04,591.5
2018-06-05,607.6
2018-06-06,606.18
2018-06-07,603.56
2018-06-08,598.59
2018-06-09,593.4
2018-06-10,525.25
2018-06-11,531.68
2018-06-12,494.14
2018-06-13,476.02
2018-06-14,519.75
2018-06-15,487.45
2018-06-16,497.31
2018-06-17,496.5
2018-06-18,517.47
2018-06-19,538.5
2018-06-20,535.99
2018-06-21,525.49
2018-06-22,462.01
2018-06-23,475.17
2018-06-24,454.79
2018-06-25,458.41
2018-06-26,429.08
2018-06-27,441.41
2018-06-28,420.0
2018-06-29,434.6
2018-06-30,453.29
2018-07-01,451.43
2018-07-02,476.34
2018-07-03,461.75
2018-07-04,466.9
2018-07-05,467.25
2018-07-06,469.3
2018-07-07,484.48
2018-07-08,486.08
2018-07-09,471.6
2018-07-10,432.59
2018-07-11,446.25
2018-07-12,431.46
2018-07-13,432.8
2018-07-14,434.13
2018-07-15,449.41
2018-07-16,478.18
2018-07-17,499.01
2018-07-18,478.81
2018-07-19,468.39
2018-07-20,448.21
2018-07-21,461.5
2018-07-22,456.9
2018-07-23,449.0
2018-07-24,478.79
2018-07-25,470.81
2018-07-26,461.42
2018-07-27,469.3
2018-07-28,468.12
2018-07-29,466.01
2018-07-30,456.46
2018-07-31,432.35
2018-08-01,419.6
2018-08-02,410.71
2018-08-03,417.8
2018-08-04,407.0
2018-08-05,408.83
2018-08-06,404.99
2018-08-07,378.08
2018-08-08,355.7
2018-08-09,363.99
2018-08-10,330.99
2018-08-11,318.02
2018-08-12,318.15
2018-08-13,284.11
2018-08-14,279.4
2018-08-15,281.21
2018-08-16,286.67
2018-08-17,317.54
2018-08-18,296.61
2018-08-19,300.03
2018-08-20,270.76
2018-08-21,281.49
2018-08-22,270.47
2018-08-23,275.87
2018-08-24,281.35
2018-08-25,277.97
2018-08-26,274.25
2018-08-27,287.99
2018-08-28,295.39
2018-08-29,289.0
2018-08-30,284.52
2018-08-31,281.94
2018-09-01,294.64
2018-09-02,295.06
2018-09-03,288.6
2018-09-04,285.43
2018-09-05,227.56
2018-09-06,229.03
2018-09-07,215.21
2018-09-08,197.0
2018-09-09,195.91
2018-09-10,196.94
2018-09-11,185.15
2018-09-12,182.79
2018-09-13,211.39
2018-09-14,210.0
2018-09-15,221.69
2018-09-16,220.19
2018-09-17,195.97
2018-09-18,208.5
2018-09-19,209.81
2018-09-20,224.41
2018-09-21,247.76
2018-09-22,240.71
2018-09-23,244.35
2018-09-24,228.01
2018-09-25,219.19
2018-09-26,214.15
2018-09-27,229.0
2018-09-28,220.67
2018-09-29,231.01
2018-09-30,232.27
2018-10-01,230.4
2018-10-02,224.85
2018-10-03,219.01
2018-10-04,221.0
2018-10-05,226.89
2018-10-06,223.85
2018-10-07,224.82
2018-10-08,227.68
2018-10-09,226.15
2018-10-10,223.61
2018-10-11,188.32
2018-10-12,194.1
2018-10-13,196.72
2018-10-14,191.87
2018-10-15,204.53
2018-10-16,205.43
2018-10-17,203.21
2018-10-18,199.2
2018-10-19,200.0
2018-10-20,202.69
2018-10-21,202.12
2018-10-22,201.25
2018-10-23,201.12
2018-10-24,200.68
2018-10-25,199.65
2018-10-26,200.7
2018-10-27,201.46
2018-10-28,202.43
2018-10-29,194.31
2018-10-30,195.35
2018-10-31,196.95
2018-11-01,197.96
2018-11-02,199.75
2018-11-03,198.35
2018-11-04,210.06
2018-11-05,208.53
2018-11-06,218.65
2018-11-07,216.84
2018-11-08,210.34
2018-11-09,208.01
2018-11-10,210.29
2018-11-11,209.88
2018-11-12,208.77
2018-11-13,203.2
2018-11-14,177.79
2018-11-15,178.89
2018-11-16,172.4
2018-11-17,172.49
2018-11-18,175.87
2018-11-19,145.21
2018-11-20,127.55
2018-11-21,134.73
2018-11-22,123.25
2018-11-23,121.44
2018-11-24,110.16
2018-11-25,114.3
2018-11-26,106.95
2018-11-27,108.7
2018-11-28,121.94
2018-11-29,116.38
2018-11-30,111.65
2018-12-01,116.82
2018-12-02,114.76
2018-12-03,107.21
2018-12-04,108.61
2018-12-05,100.76
2018-12-06,89.09
2018-12-07,92.45
2018-12-08,89.99
2018-12-09,92.79
2018-12-10,89.23
2018-12-11,86.96
2018-12-12,89.09
2018-12-13,85.35
2018-12-14,83.0
2018-12-15,83.03
2018-12-16,83.74
2018-12-17,93.79
2018-12-18,101.0
2018-12-19,99.34
2018-12-20,114.52
2018-12-21,107.74
2018-12-22,116.09
2018-12-23,129.61
2018-12-24,139.09
2018-12-25,128.82
2018-12-26,130.47
2018-12-27,114.63
2018-12-28,136.82
2018-12-29,134.15
2018-12-30,138.78
2018-12-31,130.53
2019-01-01,139.75
2019-01-02,153.5
2019-01-03,147.23
2019-01-04,153.24
2019-01-05,154.21
2019-01-06,155.92
2019-01-07,150.62
2019-01-08,148.97
2019-01-09,149.5
2019-01-10,126.41
2019-01-11,125.83
2019-01-12,124.59
2019-01-13,115.58
2019-01-14,128.37
2019-01-15,120.0
2019-01-16,122.12
2019-01-17,122.55
2019-01-18,119.53
2019-01-19,123.17
2019-01-20,117.43
2019-01-21,115.86
2019-01-22,118.08
2019-01-23,116.55
2019-01-24,116.4
2019-01-25,114.95
2019-01-26,115.01
2019-01-27,111.35
2019-01-28,105.47
2019-01-29,104.02
2019-01-30,107.61
2019-01-31,105.79
2019-02-01,105.88
2019-02-02,109.3
2019-02-03,105.94
2019-02-04,106.08
2019-02-05,106.0
2019-02-06,103.36
2019-02-07,103.21
2019-02-08,117.96
2019-02-09,118.06
2019-02-10,123.94
2019-02-11,119.55
2019-02-12,120.82
2019-02-13,120.74
2019-02-14,119.39
2019-02-15,120.42
2019-02-16,121.56
2019-02-17,132.34
2019-02-18,144.62
2019-02-19,142.69
2019-02-20,147.19
2019-02-21,144.21
2019-02-22,146.68
2019-02-23,157.56
2019-02-24,131.76
2019-02-25,137.64
2019-02-26,135.66
2019-02-27,134.46
2019-02-28,134.48
2019-03-01,134.72
2019-03-02,132.32
2019-03-03,129.78
2019-03-04,125.24
2019-03-05,136.3
2019-03-06,137.0
2019-03-07,136.29
2019-03-08,132.75
2019-03-09,136.41
2019-03-10,134.66
2019-03-11,132.05
2019-03-12,132.8
2019-03-13,131.16
2019-03-14,131.4
2019-03-15,135.99
2019-03-16,140.48
2019-03-17,138.07
2019-03-18,137.01
2019-03-19,138.15
2019-03-20,138.73
2019-03-21,134.41
2019-03-22,135.63
2019-03-23,136.52
2019-03-24,135.37
2019-03-25,133.01
2019-03-26,133.28
2019-03-27,139.08
2019-03-28,137.46
2019-03-29,142.83
2019-03-30,142.12
2019-03-31,141.2
2019-04-01,141.0
2019-04-02,164.69
2019-04-03,161.33
2019-04-04,157.65
2019-04-05,166.08
2019-04-06,165.79
2019-04-07,174.84
2019-04-08,180.74
2019-04-09,175.83
2019-04-10,177.55
2019-04-11,164.92
2019-04-12,164.27
2019-04-13,163.75
2019-04-14,168.27
2019-04-15,160.24
2019-04-16,166.38
2019-04-17,166.54
2019-04-18,174.15
2019-04-19,173.83
2019-04-20,173.73
2019-04-21,169.9
2019-04-22,171.58
2019-04-23,170.14
2019-04-24,165.75
2019-04-25,152.05
2019-04-26,153.41
2019-04-27,155.66
2019-04-28,153.19
2019-04-29,152.36
2019-04-30,160.4
2019-05-01,158.3
2019-05-02,158.7
2019-05-03,164.74
2019-05-04,161.85
2019-05-05,161.25
2019-05-06,171.07
2019-05-07,166.51
2019-05-08,169.58
2019-05-09,170.11
2019-05-10,172.21
2019-05-11,192.52
2019-05-12,188.23
2019-05-13,196.51
2019-05-14,217.44
2019-05-15,249.0
2019-05-16,264.5
2019-05-17,244.59
2019-05-18,234.03
2019-05-19,261.09
2019-05-20,252.22
2019-05-21,254.74
2019-05-22,243.32
2019-05-23,245.64
2019-05-24,249.45
2019-05-25,251.85
2019-05-26,269.28
2019-05-27,271.08
2019-05-28,270.52
2019-05-29,269.23
2019-05-30,253.76
2019-05-31,267.84
2019-06-01,264.7
2019-06-02,269.33
2019-06-03,246.0
2019-06-04,241.47
2019-06-05,245.73
2019-06-06,250.22
2019-06-07,249.31
2019-06-08,244.52
2019-06-09,230.92
2019-06-10,248.39
2019-06-11,245.47
2019-06-12,263.29
2019-06-13,256.35
2019-06-14,263.67
2019-06-15,269.17
2019-06-16,268.89
2019-06-17,274.16
2019-06-18,264.48
2019-06-19,268.99
2019-06-20,272.36
2019-06-21,295.3
2019-06-22,308.68
2019-06-23,306.33
2019-06-24,311.4
2019-06-25,316.26
2019-06-26,334.7
2019-06-27,293.88
2019-06-28,309.1
2019-06-29,319.41
2019-06-30,291.2
2019-07-01,293.76
2019-07-02,292.29
2019-07-03,303.24
2019-07-04,281.99
2019-07-05,287.92
2019-07-06,287.38
2019-07-07,306.74
2019-07-08,313.21
2019-07-09,307.51
2019-07-10,288.21
2019-07-11,268.46
2019-07-12,275.69
2019-07-13,269.7
2019-07-14,226.83
2019-07-15,229.05
2019-07-16,199.04
2019-07-17,211.32
2019-07-18,226.43
2019-07-19,221.99
2019-07-20,227.89
2019-07-21,226.2
2019-07-22,216.6
2019-07-23,212.0
2019-07-24,215.64
2019-07-25,219.15
2019-07-26,219.26
2019-07-27,207.28
2019-07-28,211.51
2019-07-29,210.77
2019-07-30,209.72
2019-07-31,218.86
2019-08-01,217.66
2019-08-02,217.89
2019-08-03,222.1
2019-08-04,223.09
2019-08-05,232.65
2019-08-06,225.7
2019-08-07,226.47
2019-08-08,220.97
2019-08-09,210.84
2019-08-10,206.1
2019-08-11,216.11
2019-08-12,211.03
2019-08-13,208.38
2019-08-14,187.49
2019-08-15,188.0
2019-08-16,185.56
2019-08-17,185.84
2019-08-18,194.52
2019-08-19,202.46
2019-08-20,196.65
2019-08-21,189.74
2019-08-22,189.71
2019-08-23,194.56
2019-08-24,190.84
2019-08-25,186.7
2019-08-26,188.26
2019-08-27,187.0
2019-08-28,172.66
2019-08-29,169.64
2019-08-30,168.37
2019-08-31,171.78
2019-09-01,171.66
2019-09-02,178.99
2019-09-03,178.76
2019-09-04,174.84
2019-09-05,174.0
2019-09-06,169.49
2019-09-07,178.26
2019-09-08,181.32
2019-09-09,180.72
2019-09-10,179.58
2019-09-11,178.31
2019-09-12,181.17
2019-09-13,181.91
2019-09-14,189.0
2019-09-15,189.66
2019-09-16,197.94
2019-09-17,208.11
2019-09-18,210.25
2019-09-19,221.69
2019-09-20,218.11
2019-09-21,215.26
2019-09-22,211.1
2019-09-23,200.77
2019-09-24,167.07
2019-09-25,170.28
2019-09-26,165.86
2019-09-27,174.29
2019-09-28,174.03
2019-09-29,170.16
2019-09-30,181.6
2019-10-01,176.25
2019-10-02,181.21
2019-10-03,175.17
2019-10-04,175.82
2019-10-05,176.73
2019-10-06,170.18
2019-10-07,180.65
2019-10-08,180.95
2019-10-09,193.41
2019-10-10,192.04
2019-10-11,180.85
2019-10-12,179.61
2019-10-13,181.01
2019-10-14,187.11
2019-10-15,180.49
2019-10-16,174.5
2019-10-17,177.38
2019-10-18,173.27
2019-10-19,172.07
2019-10-20,175.42
2019-10-21,174.34
2019-10-22,171.08
2019-10-23,162.35
2019-10-24,160.68
2019-10-25,182.27
2019-10-26,180.67
2019-10-27,184.26
2019-10-28,181.87
2019-10-29,190.93
2019-10-30,183.63
2019-10-31,182.06
2019-11-01,183.55
2019-11-02,183.45
2019-11-03,181.82
2019-11-04,186.12
2019-11-05,188.7
2019-11-06,191.41
2019-11-07,186.53
2019-11-08,183.44
2019-11-09,184.77
2019-11-10,189.0
2019-11-11,184.63
2019-11-12,186.99
2019-11-13,188.0
2019-11-14,184.69
2019-11-15,180.03
2019-11-16,182.22
2019-11-17,183.85
2019-11-18,177.65
2019-11-19,175.62
2019-11-20,174.25
2019-11-21,160.84
2019-11-22,150.32
2019-11-23,152.32
2019-11-24,140.37
2019-11-25,146.12
2019-11-26,147.57
2019-11-27,153.42
2019-11-28,150.5
2019-11-29,154.62
2019-11-30,151.5
2019-12-01,151.39
2019-12-02,149.09
2019-12-03,147.3
2019-12-04,145.43
2019-12-05,148.2
2019-12-06,149.0
2019-12-07,147.37
2019-12-08,150.71
2019-12-09,147.34
2019-12-10,145.55
2019-12-11,143.93
2019-12-12,144.82
2019-12-13,144.69
2019-12-14,141.8
2019-12-15,142.4
2019-12-16,132.39
2019-12-17,121.91
2019-12-18,133.49
2019-12-19,128.48
2019-12-20,128.37
2019-12-21,127.16
2019-12-22,132.76
2019-12-23,127.91
2019-12-24,127.64
2019-12-25,125.0
2019-12-26,125.38
2019-12-27,126.11
2019-12-28,127.84
2019-12-29,134.22
2019-12-30,130.78
2019-12-31,128.41
2020-01-01,130.05
2020-01-02,126.8
2020-01-03,134.2
2020-01-04,134.35
2020-01-05,135.23
2020-01-06,144.28
2020-01-07,143.13
2020-01-08,140.54
2020-01-09,137.74
2020-01-10,144.5
2020-01-11,142.29
2020-01-12,146.85
2020-01-13,143.51
2020-01-14,163.66
2020-01-15,166.56
2020-01-16,164.59
2020-01-17,169.28
2020-01-18,173.9
2020-01-19,167.06
2020-01-20,166.6
2020-01-21,169.59
2020-01-22,167.71
2020-01-23,162.6
2020-01-24,162.35
2020-01-25,159.18
2020-01-26,167.96
2020-01-27,169.9
2020-01-28,176.23
2020-01-29,172.7
2020-01-30,184.73
2020-01-31,179.62
2020-02-01,183.5
2020-02-02,188.1
2020-02-03,189.4
2020-02-04,188.19
2020-02-05,204.04
2020-02-06,213.11
2020-02-07,223.22
2020-02-08,223.36
2020-02-09,228.91
2020-02-10,223.1
2020-02-11,238.39
2020-02-12,265.92
2020-02-13,268.89
2020-02-14,286.8
2020-02-15,264.59
2020-02-16,259.56
2020-02-17,268.3
2020-02-18,282.98
2020-02-19,257.27
2020-02-20,257.37
2020-02-21,265.41
2020-02-22,262.13
2020-02-23,275.34
2020-02-24,265.99
2020-02-25,245.2
2020-02-26,222.53
2020-02-27,228.18
2020-02-28,227.64
2020-02-29,218.57
2020-03-01,216.7
2020-03-02,231.89
2020-03-03,223.77
2020-03-04,224.9
2020-03-05,228.21
2020-03-06,246.5
2020-03-07,236.61
2020-03-08,202.43
2020-03-09,203.59
2020-03-10,200.65
2020-03-11,195.13
2020-03-12,111.04
2020-03-13,134.69
2020-03-14,122.56
2020-03-15,123.02
2020-03-16,111.97
2020-03-17,116.59
2020-03-18,119.15
2020-03-19,137.43
2020-03-20,133.51
2020-03-21,132.1
2020-03-22,121.85
2020-03-23,137.28
2020-03-24,138.68
2020-03-25,137.1
2020-03-26,139.24
2020-03-27,130.07
2020-03-28,131.86
2020-03-29,124.83
2020-03-30,132.15
2020-03-31,133.29
2020-04-01,137.66
2020-04-02,141.07
2020-04-03,141.15
2020-04-04,145.0
2020-04-05,142.89
2020-04-06,171.01
2020-04-07,164.64
2020-04-08,172.75
2020-04-09,169.8
2020-04-10,158.91
2020-04-11,158.69
2020-04-12,157.75
2020-04-13,157.36
2020-04-14,157.95
2020-04-15,151.38
2020-04-16,172.87
2020-04-17,171.85
2020-04-18,188.62
2020-04-19,180.1
2020-04-20,170.16
2020-04-21,170.63
2020-04-22,183.3
2020-04-23,185.31
2020-04-24,187.55
2020-04-25,194.14
2020-04-26,198.63
2020-04-27,196.59
2020-04-28,197.49
2020-04-29,215.27
2020-04-30,206.88
2020-05-01,211.39
2020-05-02,214.23
2020-05-03,210.13
2020-05-04,207.22
2020-05-05,205.79
2020-05-06,198.29
2020-05-07,212.69
2020-05-08,211.65
2020-05-09,209.95
2020-05-10,188.62
2020-05-11,185.79
2020-05-12,189.56
2020-05-13,200.16
2020-05-14,203.86
2020-05-15,194.72
2020-05-16,199.92
2020-05-17,207.26
2020-05-18,214.89
2020-05-19,214.41
2020-05-20,209.71
2020-05-21,198.1
2020-05-22,207.59
2020-05-23,206.38
2020-05-24,199.31
2020-05-25,203.97
2020-05-26,201.04
2020-05-27,208.16
2020-05-28,221.45
2020-05-29,220.98
2020-05-30,243.41
2020-05-31,230.76
2020-06-01,248.68
2020-06-02,237.36
2020-06-03,244.76
2020-06-04,243.23
2020-06-05,239.09
2020-06-06,241.82
2020-06-07,245.18
2020-06-08,247.76
2020-06-09,244.13
2020-06-10,248.41
2020-06-11,229.65
2020-06-12,237.75
2020-06-13,238.07
2020-06-14,231.0
2020-06-15,231.05
2020-06-16,235.54
2020-06-17,233.64
2020-06-18,230.85
2020-06-19,228.49
2020-06-20,228.91
2020-06-21,227.54
2020-06-22,243.67
2020-06-23,243.3
2020-06-24,234.58
2020-06-25,232.01
2020-06-26,229.53
2020-06-27,220.34
2020-06-28,225.05
2020-06-29,228.28
2020-06-30,225.24
2020-07-01,231.13
2020-07-02,226.39
2020-07-03,224.81
2020-07-04,229.31
2020-07-05,228.12
2020-07-06,241.49
2020-07-07,239.68
2020-07-08,246.89
2020-07-09,242.09
2020-07-10,241.42
2020-07-11,239.4
2020-07-12,243.2
2020-07-13,239.21
2020-07-14,240.44
2020-07-15,238.36
2020-07-16,233.54
2020-07-17,232.59
2020-07-18,235.66
2020-07-19,239.66
2020-07-20,235.98
2020-07-21,245.76
2020-07-22,264.6
2020-07-23,275.25
2020-07-24,280.07
2020-07-25,305.2
2020-07-26,311.8
2020-07-27,323.98
2020-07-28,318.44
2020-07-29,317.82
2020-07-30,336.57
2020-07-31,347.25
2020-08-01,387.63
2020-08-02,372.29
2020-08-03,386.68
2020-08-04,390.23
2020-08-05,400.55
2020-08-06,394.95
2020-08-07,379.12
2020-08-08,400.0
2020-08-09,391.08
2020-08-10,396.0
2020-08-11,378.45
2020-08-12,386.66
2020-08-13,426.65
2020-08-14,439.26
2020-08-15,432.78
2020-08-16,434.53
2020-08-17,431.42
2020-08-18,423.95
2020-08-19,408.66
2020-08-20,416.19
2020-08-21,387.76
2020-08-22,395.9
2020-08-23,390.8
2020-08-24,408.47
2020-08-25,382.77
2020-08-26,386.34
2020-08-27,383.56
2020-08-28,395.57
2020-08-29,398.52
2020-08-30,429.37
2020-08-31,434.79
2020-09-01,476.15
2020-09-02,439.59
2020-09-03,383.38
2020-09-04,350.9
2020-09-05,334.1
2020-09-06,352.61
2020-09-07,354.63
2020-09-08,336.67
2020-09-09,351.45
2020-09-10,368.4
2020-09-11,374.02
2020-09-12,387.49
2020-09-13,366.15
2020-09-14,377.3
2020-09-15,364.62
2020-09-16,364.78
2020-09-17,389.18
2020-09-18,384.43
2020-09-19,385.11
2020-09-20,370.37
2020-09-21,340.8
2020-09-22,343.96
2020-09-23,320.03
2020-09-24,349.09
2020-09-25,352.53
2020-09-26,354.44
2020-09-27,358.1
2020-09-28,352.77
2020-09-29,360.03
2020-09-30,360.51
2020-10-01,351.72
2020-10-02,345.78
2020-10-03,345.8
2020-10-04,352.37
2020-10-05,355.08
2020-10-06,340.58
2020-10-07,342.15
2020-10-08,350.49
2020-10-09,365.23
2020-10-10,370.87
2020-10-11,373.92
2020-10-12,387.1
2020-10-13,381.34
2020-10-14,378.99
2020-10-15,377.94
2020-10-16,365.74
2020-10-17,368.15
2020-10-18,378.43
2020-10-19,379.65
2020-10-20,368.81
2020-10-21,392.21
2020-10-22,414.34
2020-10-23,409.85
2020-10-24,412.18
2020-10-25,406.59
2020-10-26,393.6
2020-10-27,404.55
2020-10-28,388.83
2020-10-29,387.63
2020-10-30,382.66
2020-10-31,385.74
2020-11-01,397.32
2020-11-02,383.22
2020-11-03,388.63
2020-11-04,403.99
2020-11-05,418.16
2020-11-06,456.15
2020-11-07,435.0
2020-11-08,454.61
2020-11-09,444.07
2020-11-10,451.22
2020-11-11,464.14
2020-11-12,463.22
2020-11-13,478.0
2020-11-14,460.87
2020-11-15,447.73
2020-11-16,460.51
2020-11-17,482.53
2020-11-18,480.45
2020-11-19,471.97
2020-11-20,510.7
2020-11-21,553.53
2020-11-22,563.56
2020-11-23,609.76
2020-11-24,605.66
2020-11-25,567.07
2020-11-26,520.91
2020-11-27,519.86
2020-11-28,537.74
2020-11-29,579.64
2020-11-30,616.36
2020-12-01,585.07
2020-12-02,597.47
2020-12-03,615.29
2020-12-04,568.64
2020-12-05,598.96
2020-12-06,602.58
2020-12-07,590.92
2020-12-08,554.79
2020-12-09,574.49
2020-12-10,559.93
2020-12-11,544.55
2020-12-12,568.5
2020-12-13,589.53
2020-12-14,586.83
2020-12-15,589.23
2020-12-16,638.58
2020-12-17,643.96
2020-12-18,655.27
2020-12-19,658.35
2020-12-20,637.29
2020-12-21,609.17
2020-12-22,638.18
2020-12-23,583.42
2020-12-24,613.16
2020-12-25,627.64
2020-12-26,638.39
2020-12-27,688.68
2020-12-28,731.48
2020-12-29,734.81
2020-12-30,754.45
2020-12-31,738.9
2021-01-01,731.0
2021-01-02,775.62
2021-01-03,986.49
2021-01-04,1050.0
2021-01-05,1111.0
2021-01-06,1219.0
2021-01-07,1231.4
2021-01-08,1223.44
2021-01-09,1287.91
2021-01-10,1258.38
2021-01-11,1089.91
2021-01-12,1045.38
2021-01-13,1134.36
2021-01-14,1235.68
2021-01-15,1173.82
2021-01-16,1224.78
2021-01-17,1236.89
2021-01-18,1266.85
2021-01-19,1358.33
2021-01-20,1383.19
2021-01-21,1110.0
2021-01-22,1228.87
2021-01-23,1233.49
2021-01-24,1391.26
2021-01-25,1310.0
2021-01-26,1373.71
2021-01-27,1246.09
2021-01-28,1332.34
2021-01-29,1383.59
2021-01-30,1378.09
2021-01-31,1309.43
2021-02-01,1376.22
2021-02-02,1517.58
2021-02-03,1673.0
2021-02-04,1606.46
2021-02-05,1724.16
2021-02-06,1678.22
2021-02-07,1614.32
2021-02-08,1758.15
2021-02-09,1777.0
2021-02-10,1744.45
2021-02-11,1791.03
2021-02-12,1851.51
2021-02-13,1818.98
2021-02-14,1804.5
2021-02-15,1783.72
2021-02-16,1785.58
2021-02-17,1854.43
2021-02-18,1942.91
2021-02-19,1960.51
2021-02-20,1914.61
2021-02-21,1937.39
2021-02-22,1779.68
2021-02-23,1580.08
2021-02-24,1629.92
2021-02-25,1483.45
2021-02-26,1446.19
2021-02-27,1452.67
2021-02-28,1427.57
2021-03-01,1572.9
2021-03-02,1485.04
2021-03-03,1563.62
2021-03-04,1540.86
2021-03-05,1534.82
2021-03-06,1654.99
2021-03-07,1730.49
2021-03-08,1839.01
2021-03-09,1876.53
2021-03-10,1795.8
2021-03-11,1831.75
2021-03-12,1765.73
2021-03-13,1918.57
2021-03-14,1855.27
2021-03-15,1791.69
2021-03-16,1812.0
2021-03-17,1829.11
2021-03-18,1774.05
2021-03-19,1808.86
2021-03-20,1801.16
2021-03-21,1786.96
2021-03-22,1683.33
2021-03-23,1665.5
2021-03-24,1580.49
2021-03-25,1590.44
2021-03-26,1708.04
2021-03-27,1716.62
2021-03-28,1686.06
2021-03-29,1822.18
2021-03-30,1843.23
2021-03-31,1931.27
2021-04-01,1967.8
2021-04-02,2136.43
2021-04-03,2001.48
2021-04-04,2078.46
2021-04-05,2114.0
2021-04-06,2114.08
2021-04-07,1967.5
2021-04-08,2078.71
2021-04-09,2066.74
2021-04-10,2141.08
2021-04-11,2155.59
2021-04-12,2143.02
2021-04-13,2302.16
2021-04-14,2441.82
2021-04-15,2523.57
2021-04-16,2435.91
2021-04-17,2326.18
2021-04-18,2250.23
2021-04-19,2174.98
2021-04-20,2340.3
2021-04-21,2366.63
2021-04-22,2400.67
2021-04-23,2369.2
2021-04-24,2223.06
2021-04-25,2325.68
2021-04-26,2534.84
2021-04-27,2671.82
2021-04-28,2750.99
2021-04-29,2759.45
2021-04-30,2774.28
2021-05-01,2949.25
2021-05-02,2954.69
2021-05-03,3443.2
2021-05-04,3234.14
2021-05-05,3530.78
2021-05-06,3498.91
2021-05-07,3484.32
2021-05-08,3914.68
2021-05-09,3927.47
2021-05-10,3946.96
2021-05-11,4172.5
2021-05-12,3800.24
2021-05-13,3708.95
2021-05-14,4075.0
2021-05-15,3661.78
2021-05-16,3585.0
2021-05-17,3303.64
2021-05-18,3384.53
2021-05-19,2498.21
2021-05-20,2781.18
2021-05-21,2441.27
2021-05-22,2289.32
2021-05-23,2115.75
2021-05-24,2635.6
2021-05-25,2719.56
2021-05-26,2883.3
2021-05-27,2736.07
2021-05-28,2408.55
2021-05-29,2284.03
2021-05-30,2373.63
2021-05-31,2693.13
2021-06-01,2642.8
2021-06-02,2697.54
2021-06-03,2852.47
2021-06-04,2700.28
2021-06-05,2632.46
2021-06-06,2718.68
2021-06-07,2607.99
2021-06-08,2517.31
2021-06-09,2605.45
2021-06-10,2471.75
2021-06-11,2352.62
2021-06-12,2375.04
2021-06-13,2515.99
2021-06-14,2583.31
2021-06-15,2540.95
2021-06-16,2371.48
2021-06-17,2369.15
2021-06-18,2232.12
2021-06-19,2165.28
2021-06-20,2252.06
2021-06-21,1893.57
2021-06-22,1880.01
2021-06-23,1967.68
2021-06-24,1992.53
2021-06-25,1816.76
2021-06-26,1827.9
2021-06-27,1972.13
2021-06-28,2086.88
2021-06-29,2166.79
2021-06-30,2271.51
